Workbook

Sheet レビュー記録票
A1: レビュー記録票
A3: No | B3: レビュー回数 | C3: レビュー日 | D3: レビュワー | E3: 対象 | F3: 詳細 | G3: 分類 | H3: 回答日 | I3: 回答者 | J3: 回答 | K3: 備考
A4: =ROW()-3 -> 1 | B4: 1 | C4: 46084 | D4: 鈴木 | E4: テスト実施（EDPG0040) | F4: コンソール画面ファイルの提出漏れ | G4: 単純ミス | H4: 46084 | I4: 渡部 | J4: コンソール画面ファイルを提出
A5: =ROW()-3 -> 2
A6: =ROW()-3 -> 3
A7: =ROW()-3 -> 4
A8: =ROW()-3 -> 5
A9: =ROW()-3 -> 6
A10: =ROW()-3 -> 7
A11: =ROW()-3 -> 8
A12: =ROW()-3 -> 9
A13: =ROW()-3 -> 10
A14: =ROW()-3 -> 11
A15: =ROW()-3 -> 12
A16: =ROW()-3 -> 13
... A18: =ROW()-3 -> 15

Sheet 合計
B3: 指摘事項 | C3: 件数
B4: 設計規約違反 | C4: =COUNTIF(レビュー記録票!$G$4:$G$18,合計!$B4) -> 0
B5: 書式体裁崩れ | C5: =COUNTIF(レビュー記録票!$G$4:$G$18,合計!$B5) -> 0
B6: 曖昧表現 | C6: =COUNTIF(レビュー記録票!$G$4:$G$18,合計!$B6) -> 0
B7: 記載漏れ | C7: =COUNTIF(レビュー記録票!$G$4:$G$18,合計!$B7) -> 0
B8: 記載重複 | C8: =COUNTIF(レビュー記録票!$G$4:$G$18,合計!$B8) -> 0
B9: 単純ミス | C9: =COUNTIF(レビュー記録票!$G$4:$G$18,合計!$B9) -> 1
B10: ロジックミス | C10: =COUNTIF(レビュー記録票!$G$4:$G$18,合計!$B10) -> 0
B11: 仕様理解不足 | C11: =COUNTIF(レビュー記録票!$G$4:$G$18,合計!$B11) -> 0

Sheet マスタ
A1: 指摘事項
A3: 設計規約違反
A4: 書式体裁崩れ
A5: 曖昧表現
A6: 記載漏れ
A7: 記載重複
A8: 単純ミス
A9: ロジックミス
A10: 仕様理解不足
